{"results-us.zoom.videomeetings.apk": {"agg": 70, "avg": 7.0, "num_results": 0, "num10": 0}, "results-com.azure.authenticator.apk": {"agg": 404, "avg": 7.921568627450981, "num_results": 51, "num10": 15, "diff_from_avg": 2.2383048831948846, "diff_from_avg_nz": 0.5333257599180552}, "results-com.tutotoons.app.candylockshairsalon.free.apk": {"agg": 0, "avg": 0, "num_results": 0, "num10": 0}, "results-com.amazon.dee.app.apk": {"agg": 0, "avg": 0, "num_results": 0, "num10": 0}, "results-com.steady.steadyapp.com.apk": {"agg": 28, "avg": 7.0, "num_results": 0, "num10": 0}, "results-com.tapped.flipdunk.apk": {"agg": 0, "avg": 0, "num_results": 0, "num10": 0}, "results-br.com.tapps.donotdisturb.apk": {"agg": 0, "avg": 0, "num_results": 0, "num10": 0}, "results-com.microsoft.teams.apk": {"agg": 1136, "avg": 7.42483660130719, "num_results": 153, "num10": 20, "diff_from_avg": 1.7415728570510938, "diff_from_avg_nz": 0.036593733774264336}, "results-kr.co.smartstudy.bodlebookiapfree_us_android_googlemarket.apk": {"agg": 0, "avg": 0, "num_results": 0, "num10": 0}, "results-com.Slack.apk": {"agg": 1475, "avg": 7.722513089005235, "num_results": 191, "num10": 44, "diff_from_avg": 2.0392493447491393, "diff_from_avg_nz": 0.3342702214723099}, "results-com.indeed.android.jobsearch.apk": {"agg": 119, "avg": 7.0, "num_results": 0, "num10": 0}, "results-com.lyft.android.driver.apk": {"agg": 805, "avg": 7.385321100917431, "num_results": 109, "num10": 4, "diff_from_avg": 1.702057356661335, "diff_from_avg_nz": -0.00292176661549437}, "results-com.duosecurity.duomobile.apk": {"agg": 158, "avg": 7.523809523809524, "num_results": 21, "num10": 3, "diff_from_avg": 1.8405457795534277, "diff_from_avg_nz": 0.13556665627659825}, "results-com.glassdoor.app.apk": {"agg": 1164, "avg": 7.367088607594937, "num_results": 158, "num10": 24, "diff_from_avg": 1.6838248633388408, "diff_from_avg_nz": -0.021154259937988584}, "results-com.microsoft.windowsintune.companyportal.apk": {"agg": 669, "avg": 7.870588235294117, "num_results": 85, "num10": 28, "diff_from_avg": 2.187324491038021, "diff_from_avg_nz": 0.48234536776119175}, "results-com.kronos.mobile.android.apk": {"agg": 469, "avg": 7.9491525423728815, "num_results": 59, "num10": 18, "diff_from_avg": 2.2658887981167855, "diff_from_avg_nz": 0.560909674839956}, "results-com.snagajob.jobseeker.apk": {"agg": 776, "avg": 7.390476190476191, "num_results": 105, "num10": 17, "diff_from_avg": 1.7072124462200948, "diff_from_avg_nz": 0.0022333229432653923}, "results-com.ups.mobile.android.apk": {"agg": 28, "avg": 7.0, "num_results": 0, "num10": 0}, "results-com.paypal.merchant.client.apk": {"agg": 419, "avg": 7.350877192982456, "num_results": 57, "num10": 2, "diff_from_avg": 1.6676134487263603, "diff_from_avg_nz": -0.03736567455046913}, "results-com.ea.game.maddenmobile15_row.apk": {"agg": 0, "avg": 0, "num_results": 0, "num10": 0}, "results-com.squareup.apk": {"agg": 2981, "avg": 7.324324324324325, "num_results": 407, "num10": 40, "diff_from_avg": 1.6410605800682285, "diff_from_avg_nz": -0.06391854320860091}, "results-com.adobe.scan.android.apk": {"agg": 314, "avg": 7.136363636363637, "num_results": 44, "num10": 4, "diff_from_avg": 1.4530998921075406, "diff_from_avg_nz": -0.2518792311692888}, "results-com.adpmobile.android.apk": {"agg": 595, "avg": 8.150684931506849, "num_results": 73, "num10": 27, "diff_from_avg": 2.4674211872507525, "diff_from_avg_nz": 0.7624420639739231}, "results-com.logmein.gotowebinar.apk": {"agg": 582, "avg": 7.461538461538462, "num_results": 78, "num10": 12, "diff_from_avg": 1.7782747172823656, "diff_from_avg_nz": 0.0732955940055362}, "results-com.usps.apk": {"agg": 190, "avg": 6.785714285714286, "num_results": 0, "num10": 0}, "results-com.walmart.squiggly.apk": {"agg": 28, "avg": 7.0, "num_results": 0, "num10": 0}, "meta": {"num_apps": 26, "num_apps_nz": 20, "num_results": 1591, "aggregate": 12410, "agg_avg_nz": 620.5, "agg_avg": 477.3076923076923, "avg": 5.683263744256096, "avg_nz": 7.3882428675329255, "num10": 258, "10tokens": ["LOGIN", "userId", "owner_social_security_number", "Passwords", "login", "PWD", "Login", "AUTH", "USERNAME", "userName", "PASSWORD", "password", "authentication", "logon", "username", "pwd", "auth", "user", "userID", "User", "Password", "AUTHENTICATION", "USER"], "most_diff_from_avg": {"app": "results-com.adpmobile.android.apk", "diff": 2.4674211872507525, "score": 8.150684931506849}, "most_diff_from_avg_nz": {"app": "results-com.adpmobile.android.apk", "diff": 0.7624420639739231, "score": 8.150684931506849}}}
