{"results-com.tutotoons.app.candylockshairsalon.free.apk": {"agg": 0, "avg": 0, "num_results": 0, "num10": 0}, "results-com.amazon.dee.app.apk": {"agg": 0, "avg": 0, "num_results": 0, "num10": 0}, "results-br.com.tapps.donotdisturb.apk": {"agg": 0, "avg": 0, "num_results": 0, "num10": 0}, "results-ru.fotostrana.sweetmeet.apk": {"agg": 776, "avg": 7.607843137254902, "num_results": 102, "num10": 20, "diff_from_avg": 2.0265273882503347, "diff_from_avg_nz": 0.07306687609873652}, "results-com.evermatch.apk": {"agg": 178, "avg": 8.090909090909092, "num_results": 22, "num10": 8, "diff_from_avg": 2.509593341904525, "diff_from_avg_nz": 0.5561328297529267}, "results-com.match.android.matchmobile.apk": {"agg": 362, "avg": 7.24, "num_results": 50, "num10": 8, "diff_from_avg": 1.6586842509954334, "diff_from_avg_nz": -0.29477626115616484}, "results-com.affinityapps.chispa.apk": {"agg": 220, "avg": 7.857142857142857, "num_results": 28, "num10": 8, "diff_from_avg": 2.27582710813829, "diff_from_avg_nz": 0.3223665959866917}, "results-com.jaumo.casual.apk": {"agg": 172, "avg": 7.818181818181818, "num_results": 22, "num10": 6, "diff_from_avg": 2.2368660691772515, "diff_from_avg_nz": 0.2834055570256533}, "results-com.infostream.seekingarrangement.apk": {"agg": 958, "avg": 7.369230769230769, "num_results": 130, "num10": 28, "diff_from_avg": 1.787915020226202, "diff_from_avg_nz": -0.16554549192539625}, "results-com.farmersonly.android.apk": {"agg": 28, "avg": 7.0, "num_results": 0, "num10": 0}, "results-dating.app.chat.flirt.wgbcv.apk": {"agg": 0, "avg": 0, "num_results": 0, "num10": 0}, "results-com.abradoodle.bingo.apk": {"agg": 0, "avg": 0, "num_results": 0, "num10": 0}, "results-com.eharmony.apk": {"agg": 124, "avg": 6.888888888888889, "num_results": 0, "num10": 0}, "results-co.clover.clover.apk": {"agg": 1018, "avg": 7.069444444444445, "num_results": 144, "num10": 7, "diff_from_avg": 1.4881286954398778, "diff_from_avg_nz": -0.4653318167117204}, "results-com.okcupid.okcupid.apk": {"agg": 1526, "avg": 7.668341708542713, "num_results": 199, "num10": 45, "diff_from_avg": 2.0870259595381464, "diff_from_avg_nz": 0.1335654473865482}, "results-air.com.buffalo_studios.newflashbingo.apk": {"agg": 0, "avg": 0, "num_results": 0, "num10": 0}, "results-com.millionairedating.millionairematch.apk": {"agg": 436, "avg": 7.517241379310345, "num_results": 58, "num10": 10, "diff_from_avg": 1.9359256303057784, "diff_from_avg_nz": -0.01753488184581986}, "results-com.blackwhitemeet.apk": {"agg": 463, "avg": 7.590163934426229, "num_results": 61, "num10": 12, "diff_from_avg": 2.0088481854216624, "diff_from_avg_nz": 0.05538767327006422}, "results-com.sugardaddydating.sugardaddymeet.apk": {"agg": 436, "avg": 7.517241379310345, "num_results": 58, "num10": 10, "diff_from_avg": 1.9359256303057784, "diff_from_avg_nz": -0.01753488184581986}, "results-com.LoopGames.Domino.apk": {"agg": 0, "avg": 0, "num_results": 0, "num10": 0}, "results-com.threesome.swingers.app.threefun.apk": {"agg": 1196, "avg": 7.716129032258064, "num_results": 155, "num10": 37, "diff_from_avg": 2.1348132832534974, "diff_from_avg_nz": 0.18135277110189918}, "results-mingle.android.mingle2.apk": {"agg": 1272, "avg": 7.395348837209302, "num_results": 172, "num10": 29, "diff_from_avg": 1.8140330882047353, "diff_from_avg_nz": -0.13942742394686292}, "results-com.affinityapps.blk.apk": {"agg": 220, "avg": 7.857142857142857, "num_results": 28, "num10": 8, "diff_from_avg": 2.27582710813829, "diff_from_avg_nz": 0.3223665959866917}, "results-com.zoosk.zoosk.apk": {"agg": 1140, "avg": 7.169811320754717, "num_results": 159, "num10": 16, "diff_from_avg": 1.5884955717501503, "diff_from_avg_nz": -0.3649649404014479}, "results-com.mason.wooplus.apk": {"agg": 1378, "avg": 7.489130434782608, "num_results": 184, "num10": 31, "diff_from_avg": 1.9078146857780416, "diff_from_avg_nz": -0.04564582637355663}, "results-com.meetville.dating.apk": {"agg": 220, "avg": 7.333333333333333, "num_results": 30, "num10": 4, "diff_from_avg": 1.7520175843287662, "diff_from_avg_nz": -0.20144292782283202}, "results-com.antiland.apk": {"agg": 170, "avg": 8.5, "num_results": 20, "num10": 10, "diff_from_avg": 2.918684250995433, "diff_from_avg_nz": 0.9652237388438349}, "meta": {"num_apps": 27, "num_apps_nz": 20, "num_results": 1622, "aggregate": 12293, "agg_avg_nz": 614.65, "agg_avg": 455.2962962962963, "avg": 5.581315749004567, "avg_nz": 7.534776261156165, "num10": 297, "10tokens": ["baninfo", "Password", "userName", "username", "Auth", "LOGIN", "userId", "change_password", "user", "et_card_number", "auth", "userid", "Authentication", "userID", "login", "password", "USER", "User"], "most_diff_from_avg": {"app": "results-com.antiland.apk", "diff": 2.918684250995433, "score": 8.5}, "most_diff_from_avg_nz": {"app": "results-com.antiland.apk", "diff": 0.9652237388438349, "score": 8.5}}}
