{"results-kr.co.smartstudy.babyshark_android_googlemarket.apk": {"agg": 44, "avg": 7.333333333333333, "num_results": 0, "num10": 0}, "results-air.com.starfall.more.apk": {"agg": 0, "avg": 0, "num_results": 0, "num10": 0}, "results-com.funpop.android_conecupcake.apk": {"agg": 0, "avg": 0, "num_results": 0, "num10": 0}, "results-com.google.android.apps.nbu.files.apk": {"agg": 0, "avg": 0, "num_results": 0, "num10": 0}, "results-com.quizlet.quizletandroid.apk": {"agg": 917, "avg": 7.905172413793103, "num_results": 116, "num10": 35, "diff_from_avg": 2.360378565140401, "diff_from_avg_nz": 0.3175597787946689}, "results-com.bagatrix.mathway.android.apk": {"agg": 110, "avg": 7.857142857142857, "num_results": 14, "num10": 4, "diff_from_avg": 2.3123490084901546, "diff_from_avg_nz": 0.26953022214442246}, "results-com.yousician.yousician.apk": {"agg": 0, "avg": 0, "num_results": 0, "num10": 0}, "results-com.ixl.ixlmath.apk": {"agg": 293, "avg": 7.7105263157894735, "num_results": 38, "num10": 9, "diff_from_avg": 2.1657324671367713, "diff_from_avg_nz": 0.12291368079103915}, "results-me.mycake.apk": {"agg": 28, "avg": 7.0, "num_results": 0, "num10": 0}, "results-com.learninga_z.onyourown.apk": {"agg": 248, "avg": 7.75, "num_results": 32, "num10": 8, "diff_from_avg": 2.205206151347298, "diff_from_avg_nz": 0.1623873650015657}, "results-com.miga.world.apk": {"agg": 0, "avg": 0, "num_results": 0, "num10": 0}, "results-mobi.abcmouse.academy_goo.apk": {"agg": 0, "avg": 0, "num_results": 0, "num10": 0}, "results-com.google.android.apps.classroom.apk": {"agg": 166, "avg": 7.545454545454546, "num_results": 22, "num10": 4, "diff_from_avg": 2.0006606968018437, "diff_from_avg_nz": -0.042158089543888444}, "results-no.mobitroll.kahoot.android.apk": {"agg": 488, "avg": 7.746031746031746, "num_results": 63, "num10": 15, "diff_from_avg": 2.201237897379044, "diff_from_avg_nz": 0.15841911103331174}, "results-org.khanacademy.android.apk": {"agg": 408, "avg": 7.69811320754717, "num_results": 53, "num10": 13, "diff_from_avg": 2.1533193588944677, "diff_from_avg_nz": 0.11050057254873558}, "results-com.microblink.photomath.apk": {"agg": 405, "avg": 7.788461538461538, "num_results": 52, "num10": 14, "diff_from_avg": 2.243667689808836, "diff_from_avg_nz": 0.20084890346310402}, "results-co.brainly.apk": {"agg": 152, "avg": 7.6, "num_results": 20, "num10": 4, "diff_from_avg": 2.0552061513472974, "diff_from_avg_nz": 0.012387365001565342}, "results-com.duolingo.apk": {"agg": 693, "avg": 7.875, "num_results": 88, "num10": 25, "diff_from_avg": 2.330206151347298, "diff_from_avg_nz": 0.2873873650015657}, "results-com.wonder.apk": {"agg": 110, "avg": 7.857142857142857, "num_results": 14, "num10": 4, "diff_from_avg": 2.3123490084901546, "diff_from_avg_nz": 0.26953022214442246}, "results-com.powerschool.portal.apk": {"agg": 142, "avg": 7.1, "num_results": 0, "num10": 0}, "results-net.wordbit.enes.apk": {"agg": 0, "avg": 0, "num_results": 0, "num10": 0}, "results-org.socratic.android.apk": {"agg": 84, "avg": 7.0, "num_results": 0, "num10": 0}, "results-com.vitotechnology.StarWalk2Free.apk": {"agg": 70, "avg": 7.0, "num_results": 0, "num10": 0}, "results-com.getepic.Epic.apk": {"agg": 771, "avg": 8.115789473684211, "num_results": 95, "num10": 33, "diff_from_avg": 2.570995625031509, "diff_from_avg_nz": 0.528176838685777}, "results-com.blackboard.android.bbstudent.apk": {"agg": 346, "avg": 7.688888888888889, "num_results": 45, "num10": 11, "diff_from_avg": 2.144095040236187, "diff_from_avg_nz": 0.1012762538904548}, "results-com.remind101.apk": {"agg": 1420, "avg": 7.593582887700535, "num_results": 187, "num10": 35, "diff_from_avg": 2.0487890390478327, "diff_from_avg_nz": 0.005970252702100609}, "meta": {"num_apps": 26, "num_apps_nz": 19, "num_results": 839, "aggregate": 6895, "agg_avg_nz": 362.89473684210526, "agg_avg": 265.1923076923077, "avg": 5.544793848652702, "avg_nz": 7.587612634998434, "num10": 214, "10tokens": ["USERNAME", "encrypted", "AUTHENTICATION", "userName", "username", "LOGIN", "PASSWORD", "userId", "auth", "user", "et_card_number", "change_password", "UserName", "Authentication", "USER", "login", "password", "authentication", "User"], "most_diff_from_avg": {"app": "results-com.getepic.Epic.apk", "diff": 2.570995625031509, "score": 8.115789473684211}, "most_diff_from_avg_nz": {"app": "results-com.getepic.Epic.apk", "diff": 0.528176838685777, "score": 8.115789473684211}}}
