{"results-com.konylabs.capitalone.apk": {"agg": 18, "avg": 9.0, "num_results": 0, "num10": 0}, "results-com.cardinalcommerce.greendot.apk": {"agg": 170, "avg": 7.7272727272727275, "num_results": 22, "num10": 4, "diff_from_avg": 1.3102057046641153, "diff_from_avg_nz": 0.19419404855826983}, "results-com.savewithsweet.sweet.apk": {"agg": 28, "avg": 7.0, "num_results": 0, "num10": 0}, "results-com.joinroot.root.apk": {"agg": 104, "avg": 7.428571428571429, "num_results": 14, "num10": 2, "diff_from_avg": 1.0115044059628167, "diff_from_avg_nz": -0.10450725014302886}, "results-com.westernunion.android.mtapp.apk": {"agg": 146, "avg": 7.3, "num_results": 20, "num10": 2, "diff_from_avg": 0.8829329773913877, "diff_from_avg_nz": -0.23307867871445787}, "results-com.coinbase.android.apk": {"agg": 1456, "avg": 7.3908629441624365, "num_results": 197, "num10": 25, "diff_from_avg": 0.9737959215538243, "diff_from_avg_nz": -0.1422157345520212}, "results-com.creditkarma.mobile.apk": {"agg": 282, "avg": 7.421052631578948, "num_results": 38, "num10": 6, "diff_from_avg": 1.0039856089703356, "diff_from_avg_nz": -0.1120260471355099}, "results-wp.wattpad.apk": {"agg": 0, "avg": 0, "num_results": 0, "num10": 0}, "results-com.netspend.product.android.apk": {"agg": 98, "avg": 7.0, "num_results": 0, "num10": 0}, "results-com.phonevalley.progressive.apk": {"agg": 1014, "avg": 7.740458015267175, "num_results": 131, "num10": 28, "diff_from_avg": 1.3233909926585632, "diff_from_avg_nz": 0.20737933655271767}, "results-com.infonow.bofa.apk": {"agg": 380, "avg": 7.037037037037037, "num_results": 54, "num10": 2, "diff_from_avg": 0.619970014428425, "diff_from_avg_nz": -0.4960416416774205}, "results-com.zellepay.zelle.apk": {"agg": 120, "avg": 7.5, "num_results": 0, "num10": 0}, "results-com.citi.citimobile.apk": {"agg": 73, "avg": 8.11111111111111, "num_results": 9, "num10": 2, "diff_from_avg": 1.6940440885024985, "diff_from_avg_nz": 0.578032432396653}, "results-com.allstate.view.apk": {"agg": 1219, "avg": 7.61875, "num_results": 160, "num10": 30, "diff_from_avg": 1.2016829773913882, "diff_from_avg_nz": 0.08567132128554267}, "results-digit.android.apk": {"agg": 652, "avg": 7.670588235294118, "num_results": 85, "num10": 19, "diff_from_avg": 1.2535212126855058, "diff_from_avg_nz": 0.13750955657966024}, "results-com.wf.wellsfargomobile.apk": {"agg": 222, "avg": 8.222222222222221, "num_results": 27, "num10": 11, "diff_from_avg": 1.8051551996136093, "diff_from_avg_nz": 0.6891435435077637}, "results-com.intuit.turbo.apk": {"agg": 1614, "avg": 7.472222222222222, "num_results": 216, "num10": 26, "diff_from_avg": 1.0551551996136102, "diff_from_avg_nz": -0.06085645649223537}, "results-com.chase.sig.android.apk": {"agg": 1222, "avg": 7.451219512195122, "num_results": 164, "num10": 23, "diff_from_avg": 1.0341524895865097, "diff_from_avg_nz": -0.08185916651933578}, "results-com.creditsesame.apk": {"agg": 1303, "avg": 7.575581395348837, "num_results": 172, "num10": 34, "diff_from_avg": 1.1585143727402247, "diff_from_avg_nz": 0.04250271663437921}, "results-com.dave.apk": {"agg": 0, "avg": 0, "num_results": 0, "num10": 0}, "results-com.activehours.apk": {"agg": 1069, "avg": 7.423611111111111, "num_results": 144, "num10": 19, "diff_from_avg": 1.0065440885024985, "diff_from_avg_nz": -0.10946756760334697}, "results-com.magicposernew.apk": {"agg": 0, "avg": 0, "num_results": 0, "num10": 0}, "results-com.google.android.apps.walletnfcrel.apk": {"agg": 224, "avg": 7.466666666666667, "num_results": 30, "num10": 6, "diff_from_avg": 1.0495996440580546, "diff_from_avg_nz": -0.0664120120477909}, "results-com.addictedapp.addicted.apk": {"agg": 0, "avg": 0, "num_results": 0, "num10": 0}, "results-com.paypal.android.p2pmobile.apk": {"agg": 780, "avg": 7.155963302752293, "num_results": 109, "num10": 1, "diff_from_avg": 0.7388962801436811, "diff_from_avg_nz": -0.3771153759621644}, "results-com.propel.ebenefits.apk": {"agg": 14, "avg": 7.0, "num_results": 0, "num10": 0}, "results-com.acorns.android.apk": {"agg": 951, "avg": 7.5476190476190474, "num_results": 126, "num10": 19, "diff_from_avg": 1.1305520250104353, "diff_from_avg_nz": 0.014540368904589762}, "meta": {"num_apps": 27, "num_apps_nz": 23, "num_results": 1718, "aggregate": 13159, "agg_avg_nz": 572.1304347826087, "agg_avg": 487.3703703703704, "avg": 6.417067022608612, "avg_nz": 7.533078678714458, "num10": 259, "10tokens": ["LOGIN", "credit_card_cv_number", "userId", "userid", "login", "credit_card_number_label", "Login", "USERNAME", "et_credicard_number", "userName", "PASSWORD", "social_security_number", "Authentication", "password", "authentication", "dwi_password", "username", "change_password", "edt_card_number", "user", "auth", "cta_account_number", "userID", "credit_card_number_value", "User", "credit_card_number", "Password", "AUTHENTICATION", "bp_account_number", "bank_account_number", "passwordTV", "bank_account_number_empty", "passwordET", "USER"], "most_diff_from_avg": {"app": "results-com.wf.wellsfargomobile.apk", "diff": 1.8051551996136093, "score": 8.222222222222221}, "most_diff_from_avg_nz": {"app": "results-com.wf.wellsfargomobile.apk", "diff": 0.6891435435077637, "score": 8.222222222222221}}}
