{"results-com.chickfila.cfaflagship.apk": {"agg": 2036, "avg": 7.485294117647059, "num_results": 272, "num10": 46, "diff_from_avg": 0.060089656593040885, "diff_from_avg_nz": 0.060089656593040885}, "results-com.yum.pizzahut.apk": {"agg": 42, "avg": 7.0, "num_results": 0, "num10": 0}, "results-com.dunkinbrands.otgo.apk": {"agg": 344, "avg": 7.478260869565218, "num_results": 46, "num10": 6, "diff_from_avg": 0.05305640851119975, "diff_from_avg_nz": 0.05305640851119975}, "results-com.papajohns.android.apk": {"agg": 970, "avg": 7.404580152671755, "num_results": 131, "num10": 17, "diff_from_avg": -0.02062430838226259, "diff_from_avg_nz": -0.02062430838226259}, "results-com.sonic.sonicdrivein.apk": {"agg": 223, "avg": 7.193548387096774, "num_results": 31, "num10": 2, "diff_from_avg": -0.23165607395724397, "diff_from_avg_nz": -0.23165607395724397}, "results-com.opentable.apk": {"agg": 1568, "avg": 7.611650485436893, "num_results": 206, "num10": 43, "diff_from_avg": 0.18644602438287539, "diff_from_avg_nz": 0.18644602438287539}, "results-com.chipotle.ordering.apk": {"agg": 1103, "avg": 7.554794520547945, "num_results": 146, "num10": 29, "diff_from_avg": 0.12959005949392743, "diff_from_avg_nz": 0.12959005949392743}, "results-com.starbucks.mobilecard.apk": {"agg": 676, "avg": 7.7701149425287355, "num_results": 87, "num10": 21, "diff_from_avg": 0.3449104814747175, "diff_from_avg_nz": 0.3449104814747175}, "results-com.instantbrands.app.apk": {"agg": 80, "avg": 8.0, "num_results": 10, "num10": 2, "diff_from_avg": 0.574795538945982, "diff_from_avg_nz": 0.574795538945982}, "results-com.emn8.mobilem8.nativeapp.popeyes.apk": {"agg": 28, "avg": 7.0, "num_results": 0, "num10": 0}, "results-com.beyondmenu.apk": {"agg": 429, "avg": 7.526315789473684, "num_results": 57, "num10": 10, "diff_from_avg": 0.10111132841966608, "diff_from_avg_nz": 0.10111132841966608}, "results-com.subway.mobile.subwayapp03.apk": {"agg": 800, "avg": 7.2727272727272725, "num_results": 110, "num10": 10, "diff_from_avg": -0.1524771883267455, "diff_from_avg_nz": -0.1524771883267455}, "results-com.Caseys.finder.apk": {"agg": 178, "avg": 7.416666666666667, "num_results": 24, "num10": 2, "diff_from_avg": -0.008537794387351028, "diff_from_avg_nz": -0.008537794387351028}, "results-com.emn8.mobilem8.nativeapp.bk.apk": {"agg": 28, "avg": 7.0, "num_results": 0, "num10": 0}, "results-com.main.gopuff.apk": {"agg": 814, "avg": 7.537037037037037, "num_results": 108, "num10": 18, "diff_from_avg": 0.11183257598301921, "diff_from_avg_nz": 0.11183257598301921}, "results-com.grubhub.android.apk": {"agg": 196, "avg": 7.0, "num_results": 0, "num10": 0}, "results-com.home.recipes.food.drink.apk": {"agg": 214, "avg": 7.642857142857143, "num_results": 28, "num10": 6, "diff_from_avg": 0.21765268180312525, "diff_from_avg_nz": 0.21765268180312525}, "results-com.panera.bread.apk": {"agg": 1083, "avg": 7.520833333333333, "num_results": 144, "num10": 25, "diff_from_avg": 0.09562887227931505, "diff_from_avg_nz": 0.09562887227931505}, "results-com.postmates.android.apk": {"agg": 1290, "avg": 7.329545454545454, "num_results": 176, "num10": 18, "diff_from_avg": -0.09565900650856385, "diff_from_avg_nz": -0.09565900650856385}, "results-com.hellofresh.androidapp.apk": {"agg": 1170, "avg": 7.697368421052632, "num_results": 152, "num10": 36, "diff_from_avg": 0.27216395999861387, "diff_from_avg_nz": 0.27216395999861387}, "results-com.dominospizza.apk": {"agg": 166, "avg": 7.545454545454546, "num_results": 22, "num10": 4, "diff_from_avg": 0.12025008440052787, "diff_from_avg_nz": 0.12025008440052787}, "results-com.wendys.nutritiontool.apk": {"agg": 228, "avg": 7.125, "num_results": 0, "num10": 0}, "results-com.cardfree.android.redlobster.apk": {"agg": 28, "avg": 7.0, "num_results": 0, "num10": 0}, "results-com.buzzfeed.tasty.apk": {"agg": 286, "avg": 7.72972972972973, "num_results": 37, "num10": 7, "diff_from_avg": 0.30452526867571184, "diff_from_avg_nz": 0.30452526867571184}, "results-com.mcdonalds.app.apk": {"agg": 583, "avg": 7.379746835443038, "num_results": 79, "num10": 10, "diff_from_avg": -0.04545762561097977, "diff_from_avg_nz": -0.04545762561097977}, "results-com.neighbfav.neighborfavor.apk": {"agg": 918, "avg": 7.463414634146342, "num_results": 123, "num10": 17, "diff_from_avg": 0.038210173092323885, "diff_from_avg_nz": 0.038210173092323885}, "results-com.darden.mobile.olivegarden.apk": {"agg": 1411, "avg": 7.795580110497237, "num_results": 181, "num10": 43, "diff_from_avg": 0.3703756494432193, "diff_from_avg_nz": 0.3703756494432193}, "meta": {"num_apps": 27, "num_apps_nz": 27, "num_results": 2170, "aggregate": 16892, "agg_avg_nz": 625.6296296296297, "agg_avg": 625.6296296296297, "avg": 7.425204461054018, "avg_nz": 7.425204461054018, "num10": 372, "10tokens": ["LOGIN", "userId", "credit_card_number_help", "userid", "login", "credit_card_name", "Login", "AUTH", "userName", "credit_card_number_hint", "credit_card_number_icon", "PASSWORD", "et_card_number", "Authentication", "password", "authentication", "credit_card_number_line", "hint_credit_card_number", "Auth", "username", "pwd", "change_password", "auth", "user", "userID", "User", "credit_card_number", "Password", "card_card_number", "hostname", "credit_card_numbers", "UserName", "password2", "passwordET", "USER"], "most_diff_from_avg": {"app": "results-com.instantbrands.app.apk", "diff": 0.574795538945982, "score": 8.0}, "most_diff_from_avg_nz": {"app": "results-com.instantbrands.app.apk", "diff": 0.574795538945982, "score": 8.0}}}
