{"results-com.servicemagic.consumer.apk": {"agg": 0, "avg": 0, "num_results": 0, "num10": 0}, "results-com.tutotoons.app.candylockshairsalon.free.apk": {"agg": 0, "avg": 0, "num_results": 0, "num10": 0}, "results-com.amazon.dee.app.apk": {"agg": 0, "avg": 0, "num_results": 0, "num10": 0}, "results-com.drivemode.apk": {"agg": 256, "avg": 7.529411764705882, "num_results": 34, "num10": 6, "diff_from_avg": 2.1055091676678064, "diff_from_avg_nz": 0.20714325870447947}, "results-br.com.tapps.donotdisturb.apk": {"agg": 0, "avg": 0, "num_results": 0, "num10": 0}, "results-com.spothero.spothero.apk": {"agg": 729, "avg": 7.515463917525773, "num_results": 97, "num10": 16, "diff_from_avg": 2.0915613204876973, "diff_from_avg_nz": 0.19319541152437036}, "results-com.live.earth.maps.liveearth.livelocations.mylocation.streetview.maps2019.apk": {"agg": 104, "avg": 7.428571428571429, "num_results": 14, "num10": 2, "diff_from_avg": 2.004668831533353, "diff_from_avg_nz": 0.10630292257002605}, "results-com.opendoor.buyerapp.apk": {"agg": 0, "avg": 0, "num_results": 0, "num10": 0}, "results-com.rent.apk": {"agg": 0, "avg": 0, "num_results": 0, "num10": 0}, "results-com.tranzmate.apk": {"agg": 394, "avg": 7.576923076923077, "num_results": 52, "num10": 10, "diff_from_avg": 2.153020479885001, "diff_from_avg_nz": 0.2546545709216739}, "results-com.parkwhiz.driverApp.apk": {"agg": 160, "avg": 7.2727272727272725, "num_results": 22, "num10": 2, "diff_from_avg": 1.8488246756891966, "diff_from_avg_nz": -0.04954123327413029}, "results-com.navigationstreet.areafinder.livemaps.earthview.free.apk": {"agg": 285, "avg": 7.3076923076923075, "num_results": 0, "num10": 0}, "results-me.lyft.android.apk": {"agg": 514, "avg": 7.23943661971831, "num_results": 71, "num10": 3, "diff_from_avg": 1.8155340226802341, "diff_from_avg_nz": -0.08283188628309279}, "results-com.mapquest.android.ace.apk": {"agg": 494, "avg": 7.264705882352941, "num_results": 68, "num10": 6, "diff_from_avg": 1.8408032853148653, "diff_from_avg_nz": -0.05756262364846165}, "results-com.postmates.android.courier.apk": {"agg": 1242, "avg": 7.573170731707317, "num_results": 164, "num10": 29, "diff_from_avg": 2.1492681346692413, "diff_from_avg_nz": 0.25090222570591436}, "results-com.greyhound.mobile.consumer.apk": {"agg": 459, "avg": 7.65, "num_results": 60, "num10": 14, "diff_from_avg": 2.2260974029619245, "diff_from_avg_nz": 0.3277314939985976}, "results-com.vialsoft.radarbot_free.apk": {"agg": 42, "avg": 7.0, "num_results": 0, "num10": 0}, "results-com.ridewith.apk": {"agg": 132, "avg": 7.333333333333333, "num_results": 18, "num10": 2, "diff_from_avg": 1.9094307362952572, "diff_from_avg_nz": 0.01106482733193026}, "results-mobile.cdllife.com.apk": {"agg": 28, "avg": 7.0, "num_results": 0, "num10": 0}, "results-com.waze.apk": {"agg": 1110, "avg": 7.449664429530201, "num_results": 149, "num10": 23, "diff_from_avg": 2.025761832492125, "diff_from_avg_nz": 0.12739592352879825}, "results-com.webmarketing.exxonmpl.apk": {"agg": 190, "avg": 7.916666666666667, "num_results": 24, "num10": 6, "diff_from_avg": 2.492764069628591, "diff_from_avg_nz": 0.5943981606652642}, "results-com.thetransitapp.droid.apk": {"agg": 753, "avg": 7.310679611650485, "num_results": 103, "num10": 11, "diff_from_avg": 1.8867770146124094, "diff_from_avg_nz": -0.011588894350917478}, "results-com.mapfrestz.compassdigitalsmart.apk": {"agg": 112, "avg": 7.0, "num_results": 0, "num10": 0}, "results-com.voice.gps.driving.directions.gps.navigation.maps.location.apk": {"agg": 70, "avg": 7.0, "num_results": 0, "num10": 0}, "results-com.njtransit.njtapp.apk": {"agg": 42, "avg": 7.0, "num_results": 0, "num10": 0}, "results-com.delta.mobile.android.apk": {"agg": 0, "avg": 0, "num_results": 0, "num10": 0}, "results-com.jvstudios.gpstracker.apk": {"agg": 368, "avg": 7.076923076923077, "num_results": 0, "num10": 0}, "meta": {"num_apps": 27, "num_apps_nz": 20, "num_results": 876, "aggregate": 7484, "agg_avg_nz": 374.2, "agg_avg": 277.18518518518516, "avg": 5.423902597038076, "avg_nz": 7.322268506001403, "num10": 130, "10tokens": ["USERNAME", "userName", "credit_card_number_hint", "username", "LOGIN", "PASSWORD", "change_password", "userId", "et_card_number", "user", "auth", "credit_card_nbr", "UserName", "login", "password", "USER", "User", "credit_card_number"], "most_diff_from_avg": {"app": "results-com.webmarketing.exxonmpl.apk", "diff": 2.492764069628591, "score": 7.916666666666667}, "most_diff_from_avg_nz": {"app": "results-com.webmarketing.exxonmpl.apk", "diff": 0.5943981606652642, "score": 7.916666666666667}}}
