{"results-com.ovuline.pregnancy.apk": {"agg": 393, "avg": 7.86, "num_results": 50, "num10": 6, "diff_from_avg": 1.079617358104195, "diff_from_avg_nz": 0.23206952786721935}, "results-epic.mychart.android.apk": {"agg": 668, "avg": 7.67816091954023, "num_results": 87, "num10": 5, "diff_from_avg": 0.8977782776444245, "diff_from_avg_nz": 0.050230447407448864}, "results-com.jardogs.fmhmobile.apk": {"agg": 1742, "avg": 7.846846846846847, "num_results": 222, "num10": 24, "diff_from_avg": 1.0664642049510418, "diff_from_avg_nz": 0.2189163747140661}, "results-com.castlight.clh.view.apk": {"agg": 28, "avg": 7.0, "num_results": 0, "num10": 0}, "results-com.solutran.otc.apk": {"agg": 48, "avg": 8.0, "num_results": 6, "num10": 2, "diff_from_avg": 1.2196173581041947, "diff_from_avg_nz": 0.37206952786721903}, "results-com.deltadental.HealthApp.apk": {"agg": 90, "avg": 7.5, "num_results": 12, "num10": 2, "diff_from_avg": 0.7196173581041947, "diff_from_avg_nz": -0.12793047213278097}, "results-com.easymobs.pregnancy.apk": {"agg": 42, "avg": 7.0, "num_results": 0, "num10": 0}, "results-com.lifescan.reveal.apk": {"agg": 310, "avg": 7.75, "num_results": 40, "num10": 10, "diff_from_avg": 0.9696173581041947, "diff_from_avg_nz": 0.12206952786721903}, "results-com.resmed.myair.apk": {"agg": 46, "avg": 7.666666666666667, "num_results": 0, "num10": 0}, "results-com.mdlive.mobile.apk": {"agg": 150, "avg": 7.5, "num_results": 20, "num10": 2, "diff_from_avg": 0.7196173581041947, "diff_from_avg_nz": -0.12793047213278097}, "results-com.shire.biolife.apk": {"agg": 28, "avg": 7.0, "num_results": 0, "num10": 0}, "results-com.szyk.myheart.apk": {"agg": 171, "avg": 7.125, "num_results": 24, "num10": 2, "diff_from_avg": 0.3446173581041947, "diff_from_avg_nz": -0.502930472132781}, "results-com.playtika.caesarscasino.apk": {"agg": 0, "avg": 0, "num_results": 0, "num10": 0}, "results-ai.kanghealth.apk": {"agg": 106, "avg": 8.153846153846153, "num_results": 13, "num10": 5, "diff_from_avg": 1.373463511950348, "diff_from_avg_nz": 0.5259156817133723}, "results-com.doctorondemand.android.patient.apk": {"agg": 1249, "avg": 7.855345911949685, "num_results": 159, "num10": 16, "diff_from_avg": 1.07496327005388, "diff_from_avg_nz": 0.22741543981690437}, "results-com.goodrx.apk": {"agg": 861, "avg": 7.89908256880734, "num_results": 109, "num10": 4, "diff_from_avg": 1.1186999269115345, "diff_from_avg_nz": 0.27115209667455886}, "results-com.sonova.phonak.dsapp.apk": {"agg": 172, "avg": 7.818181818181818, "num_results": 22, "num10": 6, "diff_from_avg": 1.037799176286013, "diff_from_avg_nz": 0.19025134604903737}, "results-com.caremark.caremark.apk": {"agg": 1141, "avg": 7.923611111111111, "num_results": 144, "num10": 33, "diff_from_avg": 1.1432284692153054, "diff_from_avg_nz": 0.29568063897832975}, "results-com.app1doc3.app1doc3.apk": {"agg": 82, "avg": 8.2, "num_results": 10, "num10": 4, "diff_from_avg": 1.419617358104194, "diff_from_avg_nz": 0.5720695278672183}, "results-com.aetna.aetnahealth.apk": {"agg": 1589, "avg": 8.065989847715736, "num_results": 197, "num10": 28, "diff_from_avg": 1.2856072058199306, "diff_from_avg_nz": 0.43805937558295494}, "results-com.anthem.sydney.apk": {"agg": 144, "avg": 8.0, "num_results": 18, "num10": 2, "diff_from_avg": 1.2196173581041947, "diff_from_avg_nz": 0.37206952786721903}, "results-com.teladoc.members.apk": {"agg": 144, "avg": 7.2, "num_results": 0, "num10": 0}, "results-org.minddiagnostics.apk": {"agg": 28, "avg": 7.0, "num_results": 0, "num10": 0}, "results-com.mcpe.addons.apk": {"agg": 0, "avg": 0, "num_results": 0, "num10": 0}, "results-com.appsci.sleep.apk": {"agg": 137, "avg": 7.2105263157894735, "num_results": 0, "num10": 0}, "results-com.epocrates.apk": {"agg": 641, "avg": 7.817073170731708, "num_results": 82, "num10": 21, "diff_from_avg": 1.0366905288359023, "diff_from_avg_nz": 0.18914269859892663}, "results-air.com.pixelstudio8.venom.angry.crash.rush.io.online.apk": {"agg": 0, "avg": 0, "num_results": 0, "num10": 0}, "meta": {"num_apps": 27, "num_apps_nz": 24, "num_results": 1215, "aggregate": 10010, "agg_avg_nz": 417.0833333333333, "agg_avg": 370.74074074074076, "avg": 6.780382641895805, "avg_nz": 7.627930472132781, "num10": 172, "10tokens": ["ENCRYPTED", "LOGIN", "userId", "min_password", "edit_card_number", "bank_info_account_number", "login", "Login", "AUTH", "userName", "et_credit_card_number", "PASSWORD", "et_card_number", "Authentication", "password", "logins", "pswd", "username", "pwd", "Auth", "change_password", "edt_card_number", "user", "passWord", "auth", "socialSecurityNumber", "User", "credit_card_number", "hostname", "bank_account_number"], "most_diff_from_avg": {"app": "results-com.app1doc3.app1doc3.apk", "diff": 1.419617358104194, "score": 8.2}, "most_diff_from_avg_nz": {"app": "results-com.app1doc3.app1doc3.apk", "diff": 0.5720695278672183, "score": 8.2}}}
