{"results-com.microsoft.office.excel.apk": {"agg": 173, "avg": 7.521739130434782, "num_results": 23, "num10": 4, "diff_from_avg": 0.26785304761550677, "diff_from_avg_nz": 0.26785304761550677}, "results-com.verizon.contenttransfer.apk": {"agg": 56, "avg": 7.0, "num_results": 0, "num10": 0}, "results-com.hp.printercontrol.apk": {"agg": 263, "avg": 7.108108108108108, "num_results": 0, "num10": 0}, "results-com.google.android.apps.googleassistant.apk": {"agg": 28, "avg": 7.0, "num_results": 0, "num10": 0}, "results-com.apalon.myclockfree.apk": {"agg": 96, "avg": 6.857142857142857, "num_results": 0, "num10": 0}, "results-com.dropbox.android.apk": {"agg": 199, "avg": 7.96, "num_results": 25, "num10": 8, "diff_from_avg": 0.7061139171807245, "diff_from_avg_nz": 0.7061139171807245}, "results-com.microsoft.appmanager.apk": {"agg": 230, "avg": 7.1875, "num_results": 32, "num10": 2, "diff_from_avg": -0.0663860828192755, "diff_from_avg_nz": -0.0663860828192755}, "results-com.hp.android.printservice.apk": {"agg": 258, "avg": 7.818181818181818, "num_results": 33, "num10": 9, "diff_from_avg": 0.5642957353625428, "diff_from_avg_nz": 0.5642957353625428}, "results-com.microsoft.office.outlook.apk": {"agg": 1847, "avg": 7.388, "num_results": 250, "num10": 34, "diff_from_avg": 0.1341139171807244, "diff_from_avg_nz": 0.1341139171807244}, "results-com.microsoft.skydrive.apk": {"agg": 350, "avg": 7.0, "num_results": 0, "num10": 0}, "results-com.atomczak.notepat.apk": {"agg": 14, "avg": 7.0, "num_results": 0, "num10": 0}, "results-com.google.android.apps.docs.editors.sheets.apk": {"agg": 193, "avg": 7.148148148148148, "num_results": 27, "num10": 2, "diff_from_avg": -0.10573793467112758, "diff_from_avg_nz": -0.10573793467112758}, "results-com.google.android.apps.docs.editors.docs.apk": {"agg": 54, "avg": 6.75, "num_results": 0, "num10": 0}, "results-com.intsig.camscanner.apk": {"agg": 507, "avg": 7.140845070422535, "num_results": 71, "num10": 8, "diff_from_avg": -0.11304101239674047, "diff_from_avg_nz": -0.11304101239674047}, "results-com.xfinity.digitalhome.apk": {"agg": 729, "avg": 7.59375, "num_results": 96, "num10": 18, "diff_from_avg": 0.3398639171807245, "diff_from_avg_nz": 0.3398639171807245}, "results-com.google.android.calendar.apk": {"agg": 899, "avg": 7.25, "num_results": 124, "num10": 10, "diff_from_avg": -0.0038860828192754937, "diff_from_avg_nz": -0.0038860828192754937}, "results-com.google.android.apps.docs.apk": {"agg": 257, "avg": 7.3428571428571425, "num_results": 35, "num10": 4, "diff_from_avg": 0.08897106003786703, "diff_from_avg_nz": 0.08897106003786703}, "results-com.instabridge.android.apk": {"agg": 341, "avg": 7.25531914893617, "num_results": 47, "num10": 4, "diff_from_avg": 0.0014330661168946435, "diff_from_avg_nz": 0.0014330661168946435}, "results-com.microsoft.office.powerpoint.apk": {"agg": 166, "avg": 7.545454545454546, "num_results": 22, "num10": 4, "diff_from_avg": 0.29156846263527036, "diff_from_avg_nz": 0.29156846263527036}, "results-com.dencreak.dlcalculator.apk": {"agg": 95, "avg": 7.3076923076923075, "num_results": 0, "num10": 0}, "results-caller.live.freeapps.callblocker.apk": {"agg": 54, "avg": 6.75, "num_results": 0, "num10": 0}, "results-com.google.android.apps.subscriptions.red.apk": {"agg": 98, "avg": 7.0, "num_results": 0, "num10": 0}, "results-com.google.android.apps.docs.editors.slides.apk": {"agg": 54, "avg": 6.75, "num_results": 0, "num10": 0}, "results-com.adobe.reader.apk": {"agg": 445, "avg": 7.672413793103448, "num_results": 58, "num10": 13, "diff_from_avg": 0.4185277102841729, "diff_from_avg_nz": 0.4185277102841729}, "results-com.microsoft.office.word.apk": {"agg": 96, "avg": 8.0, "num_results": 12, "num10": 4, "diff_from_avg": 0.7461139171807245, "diff_from_avg_nz": 0.7461139171807245}, "meta": {"num_apps": 25, "num_apps_nz": 25, "num_results": 855, "aggregate": 7502, "agg_avg_nz": 300.08, "agg_avg": 300.08, "avg": 7.2538860828192755, "avg_nz": 7.2538860828192755, "num10": 124, "10tokens": ["USERNAME", "authentication", "AUTHENTICATION", "Encrypted", "username", "hostname", "userName", "PASSWORD", "userId", "auth", "user", "password5", "Authentication", "USER", "login", "password", "userID", "new_account_password", "User"], "most_diff_from_avg": {"app": "results-com.microsoft.office.word.apk", "diff": 0.7461139171807245, "score": 8.0}, "most_diff_from_avg_nz": {"app": "results-com.microsoft.office.word.apk", "diff": 0.7461139171807245, "score": 8.0}}}
