{"results-com.nike.omega.apk": {"agg": 62, "avg": 7.75, "num_results": 8, "num10": 2, "diff_from_avg": 0.6004202136318177, "diff_from_avg_nz": 0.27543931425144574}, "results-com.ebay.mobile.apk": {"agg": 1630, "avg": 7.652582159624413, "num_results": 213, "num10": 35, "diff_from_avg": 0.5030023732562308, "diff_from_avg_nz": 0.17802147387585876}, "results-com.thehomedepot.apk": {"agg": 1742, "avg": 7.444444444444445, "num_results": 234, "num10": 33, "diff_from_avg": 0.2948646580762624, "diff_from_avg_nz": -0.030116241304109614}, "results-com.wishabi.flipp.apk": {"agg": 533, "avg": 7.402777777777778, "num_results": 72, "num10": 9, "diff_from_avg": 0.2531979914095954, "diff_from_avg_nz": -0.07178290797077658}, "results-com.joom.apk": {"agg": 352, "avg": 7.183673469387755, "num_results": 49, "num10": 3, "diff_from_avg": 0.03409368301957283, "diff_from_avg_nz": -0.2908872163607992}, "results-com.myklarnamobile.apk": {"agg": 28, "avg": 7.0, "num_results": 0, "num10": 0}, "results-com.usablenet.mobile.walgreen.apk": {"agg": 585, "avg": 7.405063291139241, "num_results": 79, "num10": 4, "diff_from_avg": 0.25548350477105863, "diff_from_avg_nz": -0.06949739460931337}, "results-com.alibaba.intl.android.apps.poseidon.apk": {"agg": 214, "avg": 6.903225806451613, "num_results": 31, "num10": 1, "diff_from_avg": -0.24635397991656927, "diff_from_avg_nz": -0.5713348792969413}, "results-com.alibaba.aliexpresshd.apk": {"agg": 250, "avg": 7.8125, "num_results": 32, "num10": 4, "diff_from_avg": 0.6629202136318177, "diff_from_avg_nz": 0.33793931425144574}, "results-com.zzkko.apk": {"agg": 234, "avg": 7.8, "num_results": 30, "num10": 8, "diff_from_avg": 0.6504202136318176, "diff_from_avg_nz": 0.32543931425144557}, "results-com.cvs.launchers.cvs.apk": {"agg": 873, "avg": 7.725663716814159, "num_results": 113, "num10": 16, "diff_from_avg": 0.5760839304459768, "diff_from_avg_nz": 0.25110303106560483}, "results-com.walmart.grocery.apk": {"agg": 1205, "avg": 7.2155688622754495, "num_results": 167, "num10": 16, "diff_from_avg": 0.06598907590726721, "diff_from_avg_nz": -0.2589918234731048}, "results-com.groupon.apk": {"agg": 2458, "avg": 7.563076923076923, "num_results": 325, "num10": 55, "diff_from_avg": 0.4134971367087408, "diff_from_avg_nz": 0.08851623732836877}, "results-com.ibotta.android.apk": {"agg": 1689, "avg": 7.677272727272728, "num_results": 220, "num10": 47, "diff_from_avg": 0.5276929409045454, "diff_from_avg_nz": 0.20271204152417344}, "results-com.etsy.android.apk": {"agg": 1925, "avg": 7.319391634980988, "num_results": 263, "num10": 29, "diff_from_avg": 0.16981184861280596, "diff_from_avg_nz": -0.15516905076756604}, "results-com.kohls.mcommerce.opal.apk": {"agg": 1347, "avg": 7.4010989010989015, "num_results": 182, "num10": 24, "diff_from_avg": 0.2515191147307192, "diff_from_avg_nz": -0.0734617846496528}, "results-com.abtnprojects.ambatana.apk": {"agg": 1386, "avg": 7.451612903225806, "num_results": 186, "num10": 29, "diff_from_avg": 0.3020331168576238, "diff_from_avg_nz": -0.022947782522748206}, "results-com.walmart.android.apk": {"agg": 723, "avg": 7.453608247422681, "num_results": 97, "num10": 12, "diff_from_avg": 0.3040284610544983, "diff_from_avg_nz": -0.02095243832587368}, "results-com.amazon.mShop.android.shopping.apk": {"agg": 92, "avg": 7.666666666666667, "num_results": 12, "num10": 2, "diff_from_avg": 0.5170868802984847, "diff_from_avg_nz": 0.1921059809181127}, "results-com.dollargeneral.android.apk": {"agg": 198, "avg": 7.615384615384615, "num_results": 26, "num10": 4, "diff_from_avg": 0.4658048290164327, "diff_from_avg_nz": 0.14082392963606072}, "results-com.ebates.apk": {"agg": 798, "avg": 7.528301886792453, "num_results": 106, "num10": 18, "diff_from_avg": 0.37872210042427046, "diff_from_avg_nz": 0.05374120104389846}, "results-com.fetchrewards.fetchrewards.hop.apk": {"agg": 0, "avg": 0, "num_results": 0, "num10": 0}, "results-com.rfi.sams.android.apk": {"agg": 1419, "avg": 7.468421052631579, "num_results": 190, "num10": 31, "diff_from_avg": 0.31884126626339704, "diff_from_avg_nz": -0.006139633116974963}, "meta": {"num_apps": 23, "num_apps_nz": 22, "num_results": 2635, "aggregate": 19743, "agg_avg_nz": 897.4090909090909, "agg_avg": 858.3913043478261, "avg": 7.149579786368182, "avg_nz": 7.474560685748554, "num10": 382, "10tokens": ["LOGIN", "userId", "login", "credit_card_number_label", "credit_card_name", "Login", "USERNAME", "userName", "PASSWORD", "et_card_number", "Authentication", "tv_social_security_number_str", "password", "authentication", "edit_cc_card_number", "username", "change_password", "auth", "user", "userID", "new_account_password", "User", "Password", "kccm_social_security_number", "radio_card_number", "password2", "USER", "cic_credit_card_number"], "most_diff_from_avg": {"app": "results-com.alibaba.aliexpresshd.apk", "diff": 0.6629202136318177, "score": 7.8125}, "most_diff_from_avg_nz": {"app": "results-com.alibaba.aliexpresshd.apk", "diff": 0.33793931425144574, "score": 7.8125}}}
