{"results-com.myyearbook.m.apk": {"agg": 1092, "avg": 7.690140845070423, "num_results": 142, "num10": 34, "diff_from_avg": 0.9674275606886891, "diff_from_avg_nz": 0.12708840014097245}, "results-com.facebook.lite.apk": {"agg": 37, "avg": 7.4, "num_results": 0, "num10": 0}, "results-com.pinger.textfree.apk": {"agg": 627, "avg": 7.125, "num_results": 88, "num10": 7, "diff_from_avg": 0.4022867156182661, "diff_from_avg_nz": -0.4380524449294505}, "results-com.framy.placey.apk": {"agg": 1301, "avg": 7.652941176470589, "num_results": 170, "num10": 37, "diff_from_avg": 0.9302278920888547, "diff_from_avg_nz": 0.08988873154113808}, "results-com.pinterest.apk": {"agg": 935, "avg": 7.48, "num_results": 125, "num10": 20, "diff_from_avg": 0.7572867156182665, "diff_from_avg_nz": -0.08305244492945008}, "results-cool.monkey.android.apk": {"agg": 749, "avg": 7.642857142857143, "num_results": 98, "num10": 23, "diff_from_avg": 0.9201438584754094, "diff_from_avg_nz": 0.07980469792769274}, "results-messenger.chat.social.messenger.apk": {"agg": 214, "avg": 7.133333333333334, "num_results": 30, "num10": 2, "diff_from_avg": 0.41062004895159987, "diff_from_avg_nz": -0.42971911159611675}, "results-com.cmcm.live.apk": {"agg": 408, "avg": 7.285714285714286, "num_results": 56, "num10": 4, "diff_from_avg": 0.5630010013325517, "diff_from_avg_nz": -0.2773381592151649}, "results-mg.locations.track5.apk": {"agg": 427, "avg": 7.0, "num_results": 0, "num10": 0}, "results-com.takimi.android.apk": {"agg": 17, "avg": 8.5, "num_results": 2, "num10": 1, "diff_from_avg": 1.7772867156182661, "diff_from_avg_nz": 0.9369475550705495}, "results-com.science.wishboneapp.apk": {"agg": 953, "avg": 7.624, "num_results": 125, "num10": 26, "diff_from_avg": 0.9012867156182658, "diff_from_avg_nz": 0.060947555070549164}, "results-com.pof.android.apk": {"agg": 1125, "avg": 7.401315789473684, "num_results": 152, "num10": 22, "diff_from_avg": 0.6786025050919502, "diff_from_avg_nz": -0.16173665545576643}, "results-com.snapchat.android.apk": {"agg": 156, "avg": 7.8, "num_results": 20, "num10": 4, "diff_from_avg": 1.077286715618266, "diff_from_avg_nz": 0.23694755507054932}, "results-net.wooga.junes_journey_hidden_object_mystery_game.apk": {"agg": 0, "avg": 0, "num_results": 0, "num10": 0}, "results-com.profoundly.android.apk": {"agg": 973, "avg": 7.6015625, "num_results": 128, "num10": 27, "diff_from_avg": 0.8788492156182661, "diff_from_avg_nz": 0.0385100550705495}, "results-com.zhiliaoapp.musically.apk": {"agg": 79, "avg": 7.9, "num_results": 10, "num10": 3, "diff_from_avg": 1.1772867156182665, "diff_from_avg_nz": 0.33694755507054985}, "results-com.superbinogo.jungleboyadventure.apk": {"agg": 0, "avg": 0, "num_results": 0, "num10": 0}, "results-com.popshow.yolo.apk": {"agg": 242, "avg": 7.5625, "num_results": 32, "num10": 6, "diff_from_avg": 0.8397867156182661, "diff_from_avg_nz": -0.0005524449294505018}, "results-com.textmeinc.textme.apk": {"agg": 450, "avg": 7.5, "num_results": 60, "num10": 10, "diff_from_avg": 0.7772867156182661, "diff_from_avg_nz": -0.0630524449294505}, "results-com.grindrapp.android.apk": {"agg": 1597, "avg": 7.292237442922374, "num_results": 219, "num10": 20, "diff_from_avg": 0.5695241585406405, "diff_from_avg_nz": -0.2708150020070761}, "results-me.dingtone.app.im.apk": {"agg": 1414, "avg": 7.364583333333333, "num_results": 192, "num10": 28, "diff_from_avg": 0.6418700489515992, "diff_from_avg_nz": -0.19846911159611746}, "results-com.facebook.katana.apk": {"agg": 368, "avg": 7.666666666666667, "num_results": 48, "num10": 8, "diff_from_avg": 0.9439533822849331, "diff_from_avg_nz": 0.10361422173721646}, "results-com.herzick.houseparty.apk": {"agg": 262, "avg": 7.705882352941177, "num_results": 34, "num10": 8, "diff_from_avg": 0.9831690685594427, "diff_from_avg_nz": 0.14282990801172613}, "results-com.taggedapp.apk": {"agg": 362, "avg": 7.541666666666667, "num_results": 48, "num10": 10, "diff_from_avg": 0.8189533822849331, "diff_from_avg_nz": -0.02138577826278354}, "results-com.imvu.mobilecordova.apk": {"agg": 327, "avg": 7.785714285714286, "num_results": 42, "num10": 11, "diff_from_avg": 1.0630010013325517, "diff_from_avg_nz": 0.22266184078483509}, "results-com.instagram.android.apk": {"agg": 0, "avg": 0, "num_results": 0, "num10": 0}, "results-sg.bigo.live.apk": {"agg": 275, "avg": 7.857142857142857, "num_results": 35, "num10": 10, "diff_from_avg": 1.1344295727611229, "diff_from_avg_nz": 0.29409041221340626}, "meta": {"num_apps": 27, "num_apps_nz": 24, "num_results": 1856, "aggregate": 14390, "agg_avg_nz": 599.5833333333334, "agg_avg": 532.9629629629629, "avg": 6.722713284381734, "avg_nz": 7.5630524449294505, "num10": 321, "10tokens": ["LOGIN", "userId", "login", "text_change_password", "Login", "USERNAME", "usernames", "userName", "credit_card_number_hint", "PASSWORD", "et_card_number", "Authentication", "password", "authentication", "username", "Auth", "pay_credit_card_number", "change_password", "auth", "user", "userID", "User", "passwordEt", "USER"], "most_diff_from_avg": {"app": "results-com.takimi.android.apk", "diff": 1.7772867156182661, "score": 8.5}, "most_diff_from_avg_nz": {"app": "results-com.takimi.android.apk", "diff": 0.9369475550705495, "score": 8.5}}}
